MAE,RMSE,MAPE,R2
18.139560296698804,31.909931902148973,19.432386126635258,0.2588012146239336
